Name,BPS,PER,PBR,EPS,DIV,DPS
삼성전자,57822,9.01,1.26,8057,1.99,1444
LG에너지솔루션,80052,130.07,5.37,3306,0.0,0
SK하이닉스,92004,40.44,1.42,3242,0.92,1200
삼성바이오로직스,126233,62.23,5.64,11442,0.0,0
삼성전자우,0,0.0,0.0,0,2.46,1445
POSCO홀딩스,692323,11.46,0.69,41456,2.53,12000
현대차,407147,6.37,0.45,28521,3.85,7000
NAVER,151646,42.04,1.39,5007,0.43,914
기아,98117,6.23,0.86,13495,4.16,3500
LG화학,445524,19.98,1.06,23670,2.11,10000
삼성SDI,251948,15.06,1.74,29191,0.23,1030
포스코퓨처엠,31922,227.9,10.9,1527,0.09,300
셀트리온,28937,43.35,5.62,3751,0.23,375
카카오,22893,16.36,2.22,3106,0.12,60
삼성물산,164524,9.67,0.73,12460,1.91,2300
현대모비스,410816,8.3,0.55,27163,1.77,4000
KB금융,124124,4.7,0.41,10955,5.73,2950
신한지주,95206,4.35,0.39,8454,5.62,2065
LG전자,116599,15.3,0.87,6640,0.69,700
삼성생명,124081,7.88,0.56,8817,4.32,3000
SK이노베이션,229593,7.46,0.59,18214,4.3,5840
LG,164082,6.63,0.5,12422,3.64,3000
삼성에스디에스,106311,11.51,1.54,14218,1.95,3200
한국전력,63158,0.0,0.3,0,0.0,0
SK,391404,8.56,0.43,19547,2.99,5000
삼성화재,276525,8.55,0.93,30113,5.36,13800
하나금융지주,124935,3.53,0.33,11803,8.03,3350
카카오뱅크,11988,45.93,2.12,553,0.31,80
KT&G,80114,10.48,1.11,8489,5.62,5000
HD현대중공업,59566,0.0,2.25,0,0.0,0
메리츠금융지주,27050,6.66,2.07,8406,0.19,105
HMM,42300,0.82,0.4,20556,7.15,1200
SK텔레콤,51911,12.29,0.97,4118,6.56,3320
삼성전기,103702,11.18,1.4,12977,1.45,2100
고려아연,455251,12.06,1.14,42967,3.86,20000
크래프톤,108962,20.44,2.0,10666,0.0,0
두산에너빌리티,11146,0.0,1.4,0,0.0,0
우리금융지주,39505,3.07,0.33,4191,8.78,1130
포스코인터내셔널,32288,11.49,1.7,4780,1.82,1000
기업은행,36302,3.55,0.33,3320,8.14,960
에코프로머티,5428,467.69,25.33,294,0.0,0
하이브,66995,165.22,3.12,1265,0.0,0
KT,64880,6.45,0.52,5209,5.83,1960
대한항공,24426,4.72,0.93,4787,3.32,750
한화오션,6170,0.0,4.37,0,0.0,0
HD한국조선해양,137382,0.0,0.83,0,0.0,0
S-Oil,75353,3.82,0.92,18075,7.96,5500
아모레퍼시픽,82107,65.26,1.55,1949,0.53,680
삼성중공업,4209,0.0,1.93,0,0.0,0
한화에어로스페이스,56612,34.89,2.44,3964,0.72,1000
SK스퀘어,118972,27.03,0.42,1837,0.0,0
금양,2188,0.0,53.43,0,0.0,0
SK바이오팜,4042,0.0,21.35,0,0.0,0
롯데케미칼,404799,91.14,0.39,1716,2.24,3500
현대글로비스,183094,5.57,0.96,31729,3.23,5700
엔씨소프트,157391,13.1,1.79,21456,2.38,6680
카카오페이,13583,112.29,3.36,407,0.0,0
한미반도체,4008,63.68,14.92,939,0.33,200
DB손해보험,89508,5.0,0.92,16373,5.62,4600
한국타이어앤테크놀로지,72196,8.05,0.63,5658,1.76,800
SK아이이테크놀로지,30501,0.0,2.58,0,0.0,0
한화솔루션,47292,17.38,0.69,1873,0.0,0
LG이노텍,180261,5.7,1.31,41406,1.76,4150
맥쿼리인프라
SK바이오사이언스,22683,43.11,3.03,1596,0.0,0
코스모신소재,8099,179.47,19.97,901,0.0,0
두산로보틱스,880,0.0,90.8,0,0.0,0
LG생활건강,364213,22.99,0.89,14112,1.23,4000
삼성엔지니어링,13741,7.44,1.84,3392,0.0,0
넷마블,66649,0.0,0.86,0,0.0,0
HD현대,105921,3.04,0.57,19933,7.6,4600
현대오토에버,53924,41.79,3.22,4154,0.66,1140
CJ제일제당,459670,8.48,0.69,37188,1.74,5500
현대제철,142260,4.56,0.25,7736,2.83,1000
한국항공우주,14648,39.55,3.28,1215,0.52,250
유한양행,28354,45.82,2.15,1329,0.66,400
오리온,64606,11.61,1.78,9926,0.82,950
LG유플러스,18996,6.75,0.55,1543,6.24,650
LG디스플레이,27611,0.0,0.45,0,0.0,0
두산밥캣,50136,6.77,0.87,6421,3.11,1350
미래에셋증권,21818,6.95,0.33,1033,2.79,200
현대건설,69028,9.77,0.52,3637,1.69,600
현대차2우B,0,0.0,0.0,0,6.55,7100
GS,133899,1.86,0.31,22634,5.95,2500
한미약품,70131,46.18,4.38,6648,0.16,500
코웨이,31887,8.19,1.62,6314,2.51,1300
한온시스템,4190,186.84,1.69,38,5.07,360
삼성카드,73934,5.6,0.44,5831,7.66,2500
SKC,50774,0.0,1.87,0,1.16,1100
금호석유,234861,3.37,0.53,37290,4.3,5400
한진칼,37047,5.19,1.42,10143,0.32,170
삼성증권,69383,8.22,0.56,4730,4.37,1700
NH투자증권,21824,11.69,0.47,881,6.8,700
강원랜드,16846,27.54,0.93,570,2.23,350
한국금융지주,145614,5.47,0.41,10900,3.86,2300
현대미포조선,53525,0.0,1.53,0,0.0,0
현대로템,13930,16.06,2.09,1812,0.0,0
F&F,24159,7.15,3.42,11571,1.93,1600
한화시스템,10697,0.0,1.52,0,1.54,250
HD현대일렉트릭,22854,18.59,3.67,4514,0.6,500
쌍용C&E,3172,23.54,1.89,254,7.36,440
롯데지주,100489,11.73,0.28,2387,5.36,1500
LS,144965,5.38,0.6,16306,1.77,1550
현대해상,53896,4.38,0.58,7099,6.32,1965
CJ,191537,15.61,0.49,6023,2.66,2500
DB하이텍,37784,4.63,1.57,12858,2.18,1300
현대차우,0,0.0,0.0,0,6.55,7050
CJ대한통운,179031,13.77,0.63,8190,0.44,500
호텔신라,14543,0.0,4.46,0,0.31,200
팬오션,8404,3.73,0.56,1267,3.18,150
농심,398464,20.24,1.02,20081,1.23,5000
GS리테일,39627,58.99,0.59,395,1.85,430
한전기술,14284,133.69,4.42,472,0.45,283
한미사이언스,10673,34.06,3.22,1010,0.58,200
키움증권,183566,5.11,0.5,17919,3.28,3000
한화생명,9020,3.19,0.3,855,0.0,0
휠라홀딩스,31226,6.77,1.24,5720,4.08,1580
BGF리테일,55724,12.09,2.43,11203,3.03,4100
제일기획,11967,10.59,1.69,1913,5.68,1150
한솔케미칼,70184,14.47,2.91,14099,1.03,2100
BNK금융지주,30468,2.97,0.23,2404,8.77,625
LG화학우,0,0.0,0.0,0,3.37,10050
한국가스공사,118693,1.42,0.21,17317,0.0,0
아모레G,44015,41.63,0.62,657,0.75,205
LS ELECTRIC,52919,24.31,1.41,3077,1.47,1100
씨에스윈드,21158,0.0,2.5,0,0.95,500
에스원,45045,13.1,1.3,4467,4.27,2500
LIG넥스원,42909,17.75,2.33,5641,1.5,1500
롯데쇼핑,338431,0.0,0.23,0,4.29,3300
롯데에너지머티리얼즈,31661,47.68,1.43,950,0.66,300
이마트,418373,2.0,0.18,37528,2.67,2000
JB금융지주,23551,3.45,0.44,2996,8.07,835
영원무역,64162,2.98,0.72,15377,3.33,1530
OCI홀딩스,166136,2.63,0.58,36941,2.57,2500
한화,70822,1.79,0.36,14169,2.96,750
대우건설,9040,3.7,0.5,1227,0.0,0
한올바이오파마,3319,7220.0,10.88,5,0.0,0
효성중공업,104660,183.68,1.93,1097,0.0,0
동서,15510,11.05,1.21,1701,3.89,730
KCC,695902,46.01,0.3,4564,3.81,8000
삼아알미늄,12540,77.69,9.69,1564,0.21,250
이수페타시스,3515,17.28,7.97,1620,0.36,100
현대엘리베이,28992,23.44,1.56,1924,1.11,500
효성첨단소재,158341,13.58,2.41,28053,3.94,15000
신세계,418209,4.19,0.41,41282,2.17,3750
HL만도,45998,16.82,0.77,2096,1.42,500
현대위아,124563,24.48,0.48,2463,1.16,700
효성티앤씨,283313,140.73,1.33,2686,2.65,10000
한국앤컴퍼니,40622,9.62,0.41,1749,3.86,650
하이트진로,16906,18.2,1.35,1250,4.18,950
삼양식품,60733,19.83,3.48,10665,0.66,1400
한전KPS,27016,15.68,1.29,2226,3.74,1305
동원산업,69698,5.78,0.48,5748,3.31,1100
금호타이어,3920,0.0,1.37,0,0.0,0
HD현대인프라코어,8273,6.63,0.93,1163,3.11,240
오뚜기,528433,4.75,0.72,80501,2.36,9000
종근당,51191,18.34,2.37,6625,0.82,1000
롯데정밀화학,90075,10.26,0.65,5738,5.94,3500
대한전선,7000,67.39,1.73,180,0.0,0
KG모빌리티,5846,0.0,1.37,0,0.0,0
에스디바이오센서,28794,1.33,0.42,8997,8.25,990
DL이앤씨,114397,3.81,0.34,10130,2.59,1000
두산퓨얼셀,7988,482.98,2.84,47,0.0,0
두산,132422,0.0,0.67,0,2.24,2000
효성,128334,87.91,0.54,786,6.51,4500
SK가스,260823,5.45,0.6,28644,4.16,6500
에스엘,35492,9.18,0.87,3360,1.94,600
코스모화학,6020,113.37,6.2,329,0.0,0
DGB금융지주,31812,3.73,0.27,2266,7.68,650
GS건설,56917,4.06,0.29,3997,8.0,1300
TCC스틸,8127,42.7,6.51,1239,0.23,120
LX세미콘,58432,5.92,1.46,14368,5.29,4500
롯데칠성,150133,11.58,0.98,12754,2.23,3300
덴티움,43354,12.33,2.84,9980,0.24,300
녹십자,116367,20.19,1.0,5735,1.51,1750
SK네트웍스,10311,14.46,0.55,395,2.1,120
솔루엠,5958,28.09,4.5,954,0.0,0
코스맥스,51220,63.76,2.29,1838,0.0,0
대덕전자,17302,7.42,1.53,3570,1.51,400
대웅제약,54929,27.86,1.94,3816,0.56,600
현대백화점,209760,7.78,0.24,6593,2.53,1300
한샘,28093,0.0,1.78,0,1.6,800
롯데웰푸드,228909,20.21,0.54,6160,1.85,2300
코오롱인더,94856,7.16,0.45,5934,3.06,1300
LX인터내셔널,62867,2.07,0.47,14325,10.14,3000
후성,3882,11.39,3.07,1047,0.17,20
SK케미칼,124642,6.51,0.52,9910,2.33,1500
한국콜마,29024,0.0,1.66,0,1.04,500
코리안리,19585,8.07,0.4,965,5.52,430
SK리츠
대한유화,301477,0.0,0.54,0,0.61,1000
풍산,67365,5.87,0.56,6395,2.66,1000
영원무역홀딩스,176464,2.02,0.44,37988,3.97,3050
이수스페셜티케미컬,0,0.0,0.0,0,0.0,0
대웅,19933,7.02,0.87,2467,0.58,100
HDC현대산업개발,43919,19.95,0.35,764,3.94,600
DL,194062,17.88,0.25,2679,2.09,1000
롯데렌탈,35333,10.55,0.77,2577,3.31,900
영풍,2272640,2.51,0.24,213453,1.87,10000
오리온홀딩스,35982,8.99,0.43,1712,4.55,700
SK오션플랜트,9783,31.05,1.66,524,0.0,0
명신산업,7315,11.24,2.51,1633,0.0,0
동원시스템즈,25113,13.29,1.31,2472,1.83,600
해성디에스,26311,5.95,2.12,9376,1.61,900
HD현대건설기계,80387,7.85,0.6,6112,3.65,1750
더존비즈온,15301,44.16,1.95,676,0.41,123
세아베스틸지주,52580,9.82,0.48,2572,4.75,1200
PI첨단소재,11627,19.46,2.61,1557,2.57,779
미래에셋생명,10179,11.34,0.49,441,0.0,0
KG스틸,16907,1.64,0.52,5357,1.71,150
TKG휴켐스,19290,10.06,1.11,2132,4.66,1000
한일시멘트,20910,11.12,0.6,1138,4.58,580
제주항공,3986,0.0,2.85,0,0.0,0
하나투어,7960,0.0,6.85,0,0.0,0
일진하이솔루스,8667,123.45,2.76,194,0.0,0
한세실업,13687,9.92,1.58,2182,2.31,500
제이알글로벌리츠
율촌화학,13460,0.0,2.53,0,0.74,250
SK디스커버리,153209,2.03,0.29,21631,3.86,1700
아이에스동서,46278,4.22,0.59,6426,0.0,0
솔루스첨단소재,15536,0.0,1.53,0,0.42,100
넥센타이어,16520,0.0,0.52,0,1.17,100
더블유게임즈,43874,0.0,1.04,0,1.32,600
DI동일,31182,11.29,1.02,2803,0.79,250
GKL,6183,0.0,2.13,0,0.0,0
NHN,49179,0.0,0.47,0,0.0,0
LG전자우,0,0.0,0.0,0,1.61,750
세아제강지주,372105,2.8,0.52,68897,1.17,2250
미원상사,70659,11.14,2.33,14752,0.91,1500
다우기술,53655,2.04,0.33,8634,3.4,600
아시아나항공,9289,20.98,1.12,498,0.0,0
세방전지,91306,17.13,0.6,3222,1.09,600
OCI,0,0.0,0.0,0,0.0,0
롯데리츠
드림텍,6133,11.58,1.82,965,1.79,200
한국단자,84382,15.56,0.87,4723,0.95,700
비에이치,17692,4.82,1.24,4551,1.14,250
ESR켄달스퀘어리츠
한화투자증권,7273,0.0,0.48,0,0.0,0
롯데관광개발,3223,0.0,3.06,0,0.0,0
동양생명,12252,9.66,0.37,475,0.0,0
대신증권,40616,8.23,0.35,1750,8.33,1200
롯데손해보험,1451,0.0,1.61,0,0.0,0
대상,37616,8.93,0.55,2306,3.88,800
SK디앤디,31414,10.41,1.02,3084,2.49,800
대한해운,4912,4.33,0.45,507,0.0,0
HSD엔진,3099,0.0,3.14,0,0.0,0
녹십자홀딩스,23095,20.32,0.64,727,2.03,300
CJ CGV,5510,0.0,1.02,0,0.0,0
DN오토모티브,101507,3.25,0.67,20987,3.67,2500
미원에스씨,75680,10.52,1.8,12932,1.69,2300
신풍제약,6690,0.0,1.91,0,0.0,0
JW중외제약,10660,21.98,2.74,1331,1.28,375
태광산업,4906107,1.48,0.12,406090,0.29,1750
경동나비엔,35820,12.23,1.27,3707,1.1,500
보령,7833,15.09,1.23,636,1.04,100
KCC글라스,90484,6.99,0.46,5894,5.83,2400
한국카본,9394,26.28,1.32,471,1.05,130
진에어,2116,0.0,5.65,0,0.0,0
SNT모티브,66442,6.57,0.64,6470,3.76,1600
흥아해운,544,27.18,4.7,94,0.0,0
현대지에프홀딩스,20860,5.88,0.18,640,5.59,210
동원F&B,45847,6.7,0.69,4711,2.22,701
삼성화재우,0,0.0,0.0,0,7.3,13805
삼양홀딩스,240995,7.58,0.29,9173,5.04,3500
F&F홀딩스,52493,4.49,0.29,3384,2.3,350
신세계인터내셔날,23264,5.01,0.71,3313,3.01,500
동아쏘시오홀딩스,157100,52.3,0.59,1784,1.61,1500
애경케미칼,15115,9.74,0.8,1249,4.52,550
쿠쿠홀딩스,31140,4.4,0.53,3755,4.85,800
프레스티지바이오파마
자화전자,17892,0.0,1.45,0,0.0,0
교보증권,24572,7.4,0.21,681,3.97,200
신한알파리츠
NICE평가정보,5732,10.66,1.64,882,3.94,370
신영증권,188226,5.08,0.32,11893,6.62,4000
케이씨텍,20995,9.96,1.28,2692,0.93,250
LX홀딩스,21133,3.31,0.34,2190,4.28,310
동국제강,0,0.0,0.0,0,0.0,0
SPC삼립,48007,9.56,1.31,6568,2.71,1700
엠씨넥스,17477,23.28,1.72,1293,1.66,500
유안타증권,8081,12.97,0.34,209,4.06,110
빙그레,65119,18.8,0.84,2905,2.75,1500
SNT다이내믹스,29430,15.74,0.55,1027,3.09,500
삼부토건,975,0.0,2.69,0,0.0,0
현대홈쇼핑,171103,5.81,0.26,7541,5.93,2600
쏘카,7565,0.0,2.11,0,0.0,0
케이카,5112,17.12,2.11,631,7.04,760
LS전선아시아,4898,0.0,3.46,0,1.47,250
미래에셋증권2우B,0,0.0,0.0,0,5.41,200
쿠쿠홈시스,31261,4.46,0.73,5118,3.06,700
NICE,21230,13.33,0.64,1012,3.04,410
KG케미칼,11474,1.55,0.63,4677,1.38,100
동아에스티,78380,36.61,0.74,1576,1.21,700
SK렌터카,11371,22.93,0.92,457,1.43,150
송원산업,28443,3.74,0.72,5497,2.43,500
애경산업,13672,29.27,1.35,632,1.68,310
유니드,135798,4.86,0.53,14826,2.77,2000
한섬,60819,3.51,0.32,5599,3.81,750
화승엔터프라이즈,8870,0.0,0.89,0,0.57,45
일진전기,9304,19.75,1.39,653,1.01,130
고려제강,64024,5.86,0.3,3242,1.58,300
한화손해보험,1426,2.17,2.82,1856,0.0,0
SBS,46405,2.91,0.54,8623,3.98,1000
코람코라이프인프라리츠
티웨이항공,371,0.0,6.13,0,0.0,0
일동제약,7140,0.0,2.31,0,0.0,0
삼양사,136968,6.42,0.32,6872,2.83,1250
STX,1647,0.0,11.07,0,0.0,0
바이오노트,15707,1.28,0.27,3277,11.67,490
SGC에너지,48174,3.67,0.62,8093,5.72,1700
이노션,21241,12.1,1.01,1765,10.07,2150
세아홀딩스,530930,3.37,0.2,31597,3.76,4000
신영증권우,0,0.0,0.0,0,6.72,4050
서연이화,26709,7.63,0.59,2060,0.95,150
롯데정보통신,28084,13.52,0.97,2015,2.57,700
부광약품,3845,0.0,1.53,0,0.0,0
E1,249560,2.49,0.24,24536,5.9,3600
아세아시멘트,24770,6.51,0.43,1631,2.12,225
풀무원,11212,0.0,0.96,0,0.94,102
엘브이엠씨홀딩스
한국자산신탁,7620,3.72,0.43,885,6.69,220
유진투자증권,10623,25.06,0.4,168,1.43,60
HDC,44094,0.0,0.15,0,3.67,250
LF,51612,2.56,0.27,5351,5.11,700
삼화콘덴서,21828,13.57,1.77,2840,1.3,500
화신,10839,5.06,1.05,2254,0.88,100
신성이엔지,1036,11.5,1.86,168,0.0,0
삼성SDI우,0,0.0,0.0,0,0.44,1080
LX하우시스,87146,0.0,0.5,0,0.46,200
KB스타리츠
삼천리,410695,6.63,0.23,14387,3.14,3000
삼성FN리츠
유나이티드제약,22971,7.77,1.03,3058,1.68,400
현대그린푸드,0,0.0,0.0,0,0.0,0
코리아써키트,20204,6.48,0.8,2507,0.0,0
LS네트웍스,7510,0.0,0.64,0,0.0,0
맵스리얼티1
아세아제지,89799,3.99,0.47,10540,2.38,1000
광동제약,12593,12.14,0.57,588,1.4,100
대상홀딩스,20315,11.8,0.5,868,2.64,270
한진,96471,7.54,0.26,3290,2.42,600
세아제강,296062,2.29,0.44,56889,4.6,6000
영진약품,491,0.0,4.08,0,0.0,0
아모레퍼시픽우,0,0.0,0.0,0,1.97,685
풍산홀딩스,99583,4.77,0.36,7614,3.58,1300
남해화학,10670,7.36,0.68,986,1.38,100
BGF,16528,15.22,0.23,247,2.93,110
대신증권우,0,0.0,0.0,0,9.07,1250
한화리츠
현대퓨처넷,6836,0.0,0.47,0,2.79,90
KISCO홀딩스,75645,3.82,0.29,5760,2.73,600
국도화학,99565,4.56,0.39,8626,3.56,1400
퍼시스,52783,47.37,0.58,646,3.59,1100
아세아,548397,3.58,0.3,46012,2.28,3750
한일홀딩스,46069,3.93,0.25,2904,7.02,800
효성화학,36068,0.0,2.56,0,0.0,0
백광산업,4741,15.87,1.64,491,0.77,60
대원제약,11967,10.5,1.32,1510,2.21,350
파미셀,1328,31.87,4.37,182,0.0,0
대동,15973,7.57,0.86,1812,0.73,100
DB,1492,57.47,1.16,30,0.0,0
STX중공업,6770,24.1,1.77,498,0.0,0
이아이디,1584,0.0,0.88,0,0.0,0
조광피혁,106403,29.48,0.47,1706,0.0,0
신도리코,109950,6.58,0.3,5007,4.55,1500
HL홀딩스,102608,103.98,0.32,314,6.13,2000
에어부산,1086,0.0,2.6,0,0.0,0
남양유업,1079345,0.0,0.42,0,0.22,1000
HJ중공업,4624,0.0,0.85,0,0.0,0
이리츠코크렙
한화3우B,0,0.0,0.0,0,5.59,800
SK증권,1525,29.57,0.45,23,0.74,5
콘텐트리중앙,9617,0.0,1.73,0,0.0,0
이수화학,11236,13.73,1.25,1019,3.57,500
한국쉘석유,86889,11.85,2.8,20555,7.39,18000
대원강업,7802,16.74,0.65,304,1.96,100
한국토지신탁,4503,11.75,0.28,106,7.22,90
웅진씽크빅,3142,100.37,0.86,27,4.06,110
CR홀딩스,21609,5.2,0.31,1279,6.77,450
서흥,37893,8.82,0.71,3056,1.48,400
대한제강,38135,1.99,0.34,6605,5.94,780
농심홀딩스,231914,8.92,0.28,7353,3.81,2500
CJ4우(전환),0,0.0,0.0,0,3.55,2550
포스코스틸리온,57026,13.37,0.89,3785,1.73,875
남선알미늄,2376,9.85,0.99,238,0.0,0
삼진제약,20811,12.56,1.04,1728,3.69,800
서울가스,270188,13.24,0.22,4554,2.9,1750
한일현대시멘트,18827,7.9,0.83,1971,3.85,600
LG생활건강우,0,0.0,0.0,0,2.85,4050
DL건설,45294,5.51,0.3,2445,1.86,250
사조대림,67677,3.32,0.48,9689,1.09,350
알루코,2639,19.55,1.15,155,0.0,0
대한제당,5992,11.74,0.54,276,3.7,120
스카이라이프,17321,12.98,0.35,470,5.74,350
스틱인베스트먼트,6347,16.1,1.09,428,2.9,200
일성신약,60174,1.52,0.36,14122,18.63,4005
동국홀딩스,34362,2.0,0.26,4474,5.57,500
종근당홀딩스,108745,259.82,0.52,219,2.46,1400
휴스틸,16181,0.89,0.31,5675,6.9,350
지누스,31128,9.91,0.48,1512,3.54,530
일양약품,12974,14.28,1.14,1036,1.01,150
SNT홀딩스,68239,4.85,0.25,3556,4.06,700
아이마켓코리아,11376,11.83,0.73,706,7.19,600
모토닉,19912,8.54,0.42,988,4.74,400
지역난방공사,143557,0.0,0.17,0,0.0,0
KEC,1912,9.91,0.73,140,4.33,60
이연제약,13956,36.1,1.07,415,1.0,150
수산인더스트리,32090,5.5,0.61,3544,3.08,600
코오롱플라스틱,6728,7.75,1.08,939,2.47,180
한국철강,20372,3.17,0.32,2055,4.61,300
현대차증권,38617,3.27,0.22,2654,6.34,550
STX엔진,11315,0.0,1.06,0,0.0,0
신성통상,2389,3.58,0.8,533,0.0,0
이엔플러스,1107,0.0,3.61,0,0.0,0
락앤락,12030,0.0,0.52,0,31.1,1953
한국콜마홀딩스,16735,0.0,0.44,0,4.08,300
조일알미늄,1476,15.04,1.45,142,0.0,0
도화엔지니어링,7986,169.79,1.0,47,3.51,280
HD현대에너지솔루션,34065,4.41,0.7,5412,2.52,600
세진중공업,2993,22.08,1.56,212,3.21,150
YG PLUS,2248,22.79,1.85,183,0.0,0
제주은행,16243,12.94,0.51,636,1.22,100
환인제약,21845,9.02,0.65,1567,2.12,300
동화약품,13165,12.7,0.71,736,1.93,180
한국금융지주우,0,0.0,0.0,0,5.33,2362
잇츠한불,20944,0.0,0.56,0,1.27,150
조선내화,0,0.0,0.0,0,0.0,0
LG헬로비전,8077,0.0,0.41,0,3.61,120
현대차3우B,0,0.0,0.0,0,6.61,7050
에이프로젠,923,0.0,1.05,0,0.0,0
티와이홀딩스,42418,1.95,0.12,2579,2.99,150
BYC,825735,9.57,0.49,42272,0.74,3000
한농화성,9977,28.77,1.62,561,0.74,120
코오롱글로벌,22544,2.32,0.59,5710,3.01,400
삼양패키징,22869,20.41,0.69,777,4.73,750
현대코퍼레이션,36053,2.87,0.52,6554,3.19,600
한솔제지,31224,3.37,0.33,3104,6.7,700
다올투자증권,11357,3.97,0.36,1019,3.7,150
동양,4062,0.0,0.25,0,3.89,40
광주신세계,99270,4.3,0.31,7157,7.15,2200
제일약품,10837,0.0,1.53,0,0.3,50
케이씨,58058,2.22,0.31,8092,1.95,350
하나제약,15515,9.73,0.88,1405,3.73,510
롯데하이마트,55987,0.0,0.18,0,2.92,300
한미글로벌,17414,9.0,1.27,2449,2.49,550
JW홀딩스,1513,10.59,2.19,313,3.02,100
세방,54430,2.58,0.23,4819,2.41,300
한전산업,2947,14.67,2.48,499,3.11,228
경방,30304,49.15,0.29,177,1.44,125
현대비앤지스틸,34806,9.08,0.45,1715,0.64,100
신대양제지,15417,4.4,0.38,1319,2.16,125
SIMPAC,11050,2.57,0.32,1381,5.63,200
삼영무역,26238,4.11,0.48,3054,4.78,600
이지스밸류리츠
AK홀딩스,41948,0.0,0.42,0,1.15,200
대성에너지,11539,0.0,0.72,0,3.0,250
진원생명과학,2340,0.0,1.24,0,0.0,0
넥센,22295,13.31,0.19,317,2.61,110
부국증권,116987,4.59,0.19,4736,6.9,1500
백산,7626,5.32,1.31,1882,1.5,150
TYM,7778,2.21,0.64,2262,6.0,300
삼익THK,10179,13.26,1.05,804,2.81,300
동성케미컬,7735,6.28,0.58,714,4.46,200
제이에스코퍼레이션,20205,3.23,0.82,5118,5.14,850
대교,5825,0.0,0.45,0,1.15,30
KPX홀딩스,210854,22.94,0.25,2267,5.77,3000
한국제지,1760,29.59,0.66,39,0.0,0
코오롱,76319,1.73,0.23,10012,3.17,550
대한제분,558185,5.2,0.23,24697,1.95,2500
성신양회,16402,0.0,0.54,0,2.26,200
대덕,17890,11.64,0.36,549,6.26,400
한국무브넥스,9592,6.49,0.74,1095,0.98,70
KPX케미칼,122776,7.35,0.36,6015,6.22,2750
GS글로벌,4813,3.04,0.54,851,0.0,0
예스코홀딩스,112673,0.0,0.32,0,7.04,2500
경보제약,6011,340.38,1.47,26,0.56,50
동국씨엠,0,0.0,0.0,0,0.0,0
넥스틸,259899,0.92,0.03,8850,0.0,0
하이트진로홀딩스,26118,6.33,0.35,1427,5.54,500
신세계 I&C,27495,1.9,0.44,6381,4.12,500
두산우,0,0.0,0.0,0,3.94,2050
신한서부티엔디리츠
사조산업,102866,2.93,0.4,13998,0.85,350
코오롱모빌리티그룹,0,0.0,0.0,0,0.0,0
KSS해운,17995,4.4,0.49,2016,3.95,350
일신방직,39009,1.74,0.23,5047,5.69,500
한솔테크닉스,9749,13.55,0.65,468,1.58,100
S-Oil우,0,0.0,0.0,0,10.94,5525
경농,12997,6.92,0.8,1503,3.85,400
AJ네트웍스,8076,22.16,0.55,201,6.06,270
삼성전기우,0,0.0,0.0,0,3.11,2150
에스엠벡셀,603,19.62,2.99,92,0.0,0
금호건설,15149,9.25,0.36,587,9.21,500
한화갤러리아,0,0.0,0.0,0,0.0,0
NPC,9416,8.02,0.58,678,1.84,100
디앤디플랫폼리츠
자이에스앤디,12735,2.09,0.4,2447,5.86,300
태경산업,10077,5.88,0.67,1154,4.42,300
JW생명과학,9063,12.96,1.38,966,3.99,500
노루페인트,17634,17.5,0.56,564,2.79,275
HDC랩스,11339,14.05,0.67,538,5.95,450
무림P&P,10484,4.36,0.3,721,4.78,150
한세예스24홀딩스,10535,9.01,0.46,543,5.11,250
만호제강,79971,21.75,0.59,2168,0.53,250
에이프로젠바이오로직스,720,15.32,0.4,19,0.0,0
디아이씨,2625,62.97,1.9,79,0.0,0
금호석유우,0,0.0,0.0,0,8.54,5450
태경비케이,6444,8.19,1.08,850,1.87,130
화승인더,6884,204.12,0.5,17,5.42,188
이월드,1742,33.75,0.77,40,0.0,0
흥국화재,11208,1.39,0.27,2142,0.0,0
일진다이아,28217,0.0,0.48,0,2.23,300
코람코더원리츠
벽산,4254,15.83,0.65,175,0.9,25
제일파마홀딩스,22003,0.0,0.54,0,0.42,50
일진홀딩스,9402,9.55,0.41,400,3.93,150
KIB플러그에너지,475,16.16,1.67,49,0.0,0
교촌에프앤비,7157,35.09,1.05,214,2.66,200
서연,24599,2.63,0.32,3034,1.25,100
NH투자증권우,0,0.0,0.0,0,7.55,750
LG우,0,0.0,0.0,0,4.93,3050
미원홀딩스,95466,9.19,0.84,8717,0.87,700
키다리스튜디오,7338,0.0,0.68,0,1.0,50
우진,7877,19.0,1.15,478,1.65,150
진양홀딩스,6258,7.23,0.52,452,6.12,200
동아지질,15999,0.0,0.81,0,3.85,500
아주스틸,9135,134.31,0.75,51,0.0,0
삼화페인트,12654,27.89,0.52,237,3.78,250
에이블씨엔씨,4422,190.28,1.55,36,0.0,0
CJ제일제당 우,0,0.0,0.0,0,4.17,5550
한독,27596,16.49,0.46,776,3.13,400
NI스틸,6580,3.53,0.92,1706,1.66,100
진흥기업,1545,3.46,0.76,341,0.0,0
대창단조,9161,4.22,0.65,1417,3.34,200
삼영전자,26088,9.38,0.33,909,3.52,300
DB금융투자,22203,0.0,0.18,0,4.26,170
태림포장,4948,9.43,0.48,253,2.1,50
그린케미칼,5251,56.99,1.33,123,3.28,230
현대리바트,21802,0.0,0.37,0,0.0,0
동아타이어,27514,6.97,0.44,1747,8.22,1000
금강공업,13661,2.94,0.42,1933,2.11,120
선진,17831,7.17,0.39,975,1.43,100
삼영,1525,61.0,3.2,80,0.0,0
디아이,5841,10.3,0.99,564,1.72,100
퍼스텍,1183,91.08,2.85,37,0.0,0
대성산업,16329,0.0,0.22,0,0.0,0
아센디오,384,0.0,4.1,0,0.0,0
우신시스템,5701,51.93,1.56,171,0.34,30
HLB글로벌,1507,0.0,2.53,0,0.0,0
아남전자,1270,11.57,1.65,181,0.0,0
SNT에너지,38778,9.38,0.55,2292,3.72,800
태양금속,3058,0.0,1.44,0,0.11,5
덕양산업,2608,10.13,1.89,487,0.0,0
노루홀딩스,38479,5.03,0.31,2391,4.16,500
경동인베스트,205405,10.37,0.33,6519,1.11,750
대성홀딩스,29781,43.6,0.33,225,2.55,250
극동유화,5808,7.63,0.78,593,4.42,200
KTcs,4834,8.45,0.76,436,3.26,120
경인양행,5831,10.93,0.65,345,1.33,50
신세계푸드,75425,0.0,0.54,0,1.86,750
동성제약,1872,0.0,3.2,0,0.0,0
아시아나IDT,14410,18.14,0.97,774,3.56,500
해태제과식품,9537,0.0,0.56,0,3.75,200
한국주철관,15912,12.16,0.43,559,5.88,400
삼성제약,1528,0.0,1.51,0,0.0,0
유수홀딩스,13726,4.82,0.43,1218,6.81,400
미원화학,64815,8.73,1.07,7959,3.6,2500
무학,18143,0.0,0.29,0,4.31,230
유니켐,1678,47.58,0.94,33,1.27,20
HDC현대EP,10618,11.95,0.45,398,2.52,120
세종공업,14878,85.16,0.37,64,1.83,100
컨버즈,402,0.0,10.2,0,0.0,0
삼성출판사,17559,12.72,0.85,1179,1.33,200
삼성물산우B,0,0.0,0.0,0,2.55,2350
용평리조트,7847,0.0,0.4,0,0.0,0
태경케미컬,12992,16.48,0.99,782,1.55,200
디와이,13814,0.0,0.41,0,2.12,120
휴비스,11585,0.0,0.37,0,0.0,0
국제약품,3666,39.89,1.91,176,0.0,0
NH올원리츠
한신기계,2861,0.0,1.56,0,0.22,10
한국공항,110940,24.07,0.41,1888,0.0,0
효성ITX,5956,9.91,2.09,1254,6.03,750
페이퍼코리아,1297,0.0,0.62,0,0.0,0
성창기업지주,9349,0.0,0.22,0,0.0,0
한국석유,13490,12.33,0.83,906,0.98,110
인스코비,567,0.0,2.16,0,0.0,0
삼양통상,147462,8.82,0.32,5339,3.18,1500
신라교역,35416,9.82,0.25,899,5.66,500
샘표,92028,10.01,0.53,4831,0.41,200
동부건설,25542,3.49,0.24,1737,8.24,500
영풍제지,3320,15.39,0.9,194,26.1,779
태평양물산,4369,5.08,0.64,548,1.08,30
대한화섬,635611,3.47,0.16,29768,0.73,750
덕성,5862,55.29,1.48,157,0.52,45
동인기연,10236,3.92,2.17,5665,3.6,800
테이팩스,31365,7.11,0.91,4013,3.15,900
디와이파워,21781,7.6,0.56,1618,2.03,250
신흥,11398,15.83,1.25,901,1.75,250
가온전선,47277,9.06,0.45,2350,0.23,50
신일전자,1165,126.93,1.63,15,0.53,10
태영건설,19502,2.16,0.18,1607,6.47,225
신원,2866,5.87,0.46,224,7.6,100
강남제비스코,92542,21.59,0.22,952,2.43,500
사조동아원,1639,117.13,0.57,8,0.0,0
이구산업,3804,23.04,1.04,171,1.27,50
금호에이치티,1749,0.0,0.38,0,0.0,0
한국수출포장,7340,6.19,0.45,531,2.44,80
대신증권2우B,0,0.0,0.0,0,9.16,1200
대구백화점,27810,0.0,0.43,0,0.41,50
유화증권,10892,34.4,0.21,67,4.77,110
미창석유,212260,4.82,0.35,15455,3.36,2500
한컴라이프케어,4596,13.92,1.01,333,0.0,0
계룡건설,84371,2.1,0.17,6828,3.49,500
수산중공업,2566,6.99,0.8,292,0.49,10
현대약품,3144,0.0,1.26,0,0.76,30
아모레G3우(전환),0,0.0,0.0,0,3.73,667
웅진,978,15.35,1.62,103,0.0,0
한국내화,6218,133.26,0.49,23,1.47,45
디씨엠,28881,2.68,0.38,4097,8.18,900
조선선재,134669,9.56,0.74,10425,1.5,1500
인지컨트롤스,13364,8.31,0.59,947,2.54,200
대영포장,1753,8.56,0.65,134,0.0,0
샘표식품,49786,9.45,0.54,2869,0.74,200
황금에스티,19636,3.01,0.37,2380,2.79,200
세아특수강,40593,6.48,0.35,2185,7.06,1000
삼원강재,5807,9.27,0.52,327,3.47,105
한양증권,36091,5.12,0.26,1858,8.41,800
웰바이오텍,561,0.0,2.37,0,0.0,0
KCTC,8350,4.53,0.48,879,1.51,60
동남합성,14281,11.41,2.38,2983,2.57,875
광전자,4514,7.45,0.45,275,2.44,50
한국패러랠
경동도시가스,67007,4.9,0.3,4105,4.35,875
한솔홀딩스,13522,2.44,0.21,1144,4.3,120
일동홀딩스,1046,0.0,9.66,0,0.99,100
유니온머티리얼,1996,0.0,1.39,0,1.27,35
두올,5889,15.67,0.6,224,2.28,80
대창,3225,26.42,0.39,48,0.0,0
인천도시가스,48520,8.86,0.54,2956,4.77,1250
종근당바이오,26941,0.0,0.77,0,0.0,0
DRB동일,18971,71.25,0.3,80,0.7,40
CJ우,0,0.0,0.0,0,5.08,2550
KH 필룩스,8313,0.0,0.16,0,0.0,0
팜스코,7532,0.0,0.41,0,1.62,50
SK이노베이션우,0,0.0,0.0,0,6.51,5890
동일산업,192642,4.57,0.24,10085,6.51,3000
팜젠사이언스,13118,1.37,0.47,4498,0.0,0
한국특강,3322,2.65,0.55,687,0.0,0
STX그린로지스,0,0.0,0.0,0,0.0,0
이지스레지던스리츠
크라운제과,16001,4.09,0.54,2116,2.89,250
유니퀘스트,13196,2.68,0.38,1853,4.03,200
화성산업,39046,4.78,0.27,2229,4.69,500
청호ICT,1111,0.0,2.24,0,0.0,0
씨티알모빌리티,12061,95.27,1.03,131,0.0,0
와이투솔루션,2590,0.0,1.13,0,0.0,0
HS애드,10892,5.94,0.59,1077,6.25,400
KTis,6434,6.08,0.47,501,3.94,120
한국화장품제조,13033,20.98,1.79,1113,0.43,100
CJ씨푸드,2107,14.24,1.39,205,0.0,0
광명전기,2621,19.52,0.92,124,0.41,10
엔에이치스팩19호,0,0.0,0.0,0,0.0,0
한국화장품,1409,175.14,4.6,37,0.0,0
조흥,256975,9.28,0.67,18552,3.77,6500
화승코퍼레이션,3752,32.62,0.55,63,2.43,50
동방,2685,125.29,0.79,17,0.0,0
SG세계물산,1234,56.0,0.41,9,0.0,0
토니모리,3871,0.0,1.08,0,0.0,0
삼익악기,3225,5.98,0.35,186,4.49,50
한진중공업홀딩스,13021,6.01,0.26,563,2.95,100
코스맥스비티아이,31502,0.0,0.33,0,0.0,0
화천기계,6506,25.14,0.7,180,0.66,30
삼화전기,10248,9.33,1.47,1611,2.0,300
현대코퍼레이션홀딩스,25341,2.85,0.43,3810,4.61,500
모나리자,2123,41.72,1.26,64,1.87,50
에이플러스에셋,6449,1.93,0.67,2226,4.65,200
모두투어리츠
성안,458,0.0,3.15,0,0.0,0
텔코웨어,19820,14.53,0.5,688,6.0,600
갤럭시아에스엠,1210,20.9,2.88,167,0.0,0
깨끗한나라,6481,0.0,0.4,0,0.0,0
세이브존I&C,12290,9.63,0.19,243,1.28,30
삼일제약,8884,0.0,0.7,0,0.0,0
두산퓨얼셀1우,0,0.0,0.0,0,0.0,0
인바이오젠,14940,0.0,0.63,0,0.0,0
유니드비티플러스,18122,96.89,0.48,90,0.0,0
동양철관,740,23.52,1.05,33,0.0,0
대현,5480,3.61,0.38,574,5.31,110
유유제약,7144,0.0,0.75,0,1.97,105
일성건설,2224,14.53,0.75,115,0.3,5
콤텍시스템,1259,3.7,0.59,201,0.0,0
진양산업,3941,14.53,1.74,472,2.92,200
휴니드,11026,8.93,0.57,707,0.0,0
기신정기,8601,20.3,0.35,150,4.93,150
인팩,11399,6.73,0.78,1320,2.02,180
무림페이퍼,10014,5.82,0.21,365,2.35,50
삼호개발,9788,13.26,0.36,265,5.41,190
씨아이테크,1240,0.0,1.4,0,0.0,0
동일고무벨트,15353,11.05,0.4,561,1.94,120
크라운해태홀딩스,20510,10.36,0.28,559,1.73,100
동방아그로,12112,11.56,0.52,546,3.96,250
신영와코루,40302,3.64,0.24,2611,1.58,150
한신공영,63050,1.87,0.12,3928,4.08,300
제일연마,12792,28.62,0.66,297,3.18,270
다스코,7408,49.66,0.59,88,0.0,0
체시스,895,0.0,2.96,0,0.0,0
유니온,7741,0.0,0.7,0,2.31,125
써니전자,2101,16.84,1.15,144,0.0,0
상상인증권,2103,22.14,0.37,35,0.0,0
남성,3821,22.65,0.6,102,1.08,25
방림,5532,12.94,0.36,152,2.29,45
부국철강,6300,11.62,0.65,355,1.82,75
대원화성,1532,0.0,1.3,0,0.0,0
일신석재,713,35.33,1.49,30,0.0,0
대원전선,1273,63.11,0.89,18,0.0,0
금비,106871,0.0,0.76,0,1.6,1300
엔케이,1457,7.46,0.7,136,0.0,0
지엠비코리아,13567,6.8,0.31,621,1.9,80
KC코트렐,1562,0.0,1.01,0,0.0,0
사조오양,21856,9.4,0.39,905,1.41,120
KC그린홀딩스,7463,0.0,0.48,0,1.4,50
신송홀딩스,8832,48.42,0.76,139,1.78,120
보해양조,593,0.0,0.96,0,0.0,0
화승알앤에이,4879,6.24,0.85,668,1.2,50
조광페인트,16695,0.0,0.37,0,1.62,100
미래산업,3527,8.55,0.73,303,0.0,0
새론오토모티브,11978,0.0,0.34,0,3.41,140
남광토건,10896,4.02,0.73,1969,0.0,0
NH프라임리츠
HL D&I,11284,6.83,0.18,300,0.0,0
호전실업,14510,2.71,0.55,2932,3.78,300
상신브레이크,9851,97.16,0.36,37,2.78,100
고려산업,4286,110.54,0.72,28,0.81,25
영보화학,8125,11.12,0.47,343,1.31,50
SK우,0,0.0,0.0,0,3.77,5050
유성기업,11419,3.95,0.26,741,4.1,120
비상교육,16097,0.0,0.36,0,1.72,100
보락,808,24.57,1.55,51,0.56,7
SH에너지화학,857,39.41,0.78,17,1.49,10
혜인,10052,0.0,0.58,0,1.03,60
대호에이엘,1456,9.79,0.77,114,0.0,0
대동전자,26394,6.27,0.27,1122,0.0,0
명문제약,2648,9.25,0.81,233,0.0,0
인터지스,8867,2.25,0.28,1092,4.89,120
동원금속,1919,4.01,0.81,389,1.28,20
삼성공조,32070,1.75,0.28,5102,0.89,80
이건산업,18762,13.23,0.35,501,1.51,100
평화산업,755,11.91,1.75,111,0.0,0
서울식품,76,96.5,2.54,2,0.0,0
까뮤이앤씨,1753,0.0,0.91,0,1.25,20
미래에셋글로벌리츠
화천기공,156939,1.92,0.21,17039,7.66,2500
한솔로지스틱스,3726,2.93,0.69,882,2.71,70
오리엔트바이오,602,0.0,1.0,0,0.0,0
한솔홈데코,1903,0.0,0.46,0,0.0,0
쌍방울,528,0.0,0.51,0,0.0,0
DSR,12480,2.93,0.35,1502,1.36,60
유한양행우,0,0.0,0.0,0,0.69,410
마니커,777,68.63,1.41,16,0.0,0
천일고속,18651,0.0,2.61,0,0.0,0
CS홀딩스,242997,4.73,0.25,12700,0.83,500
삼화왕관,65831,0.0,0.49,0,3.74,1200
SG글로벌,2695,0.0,0.57,0,0.0,0
대우부품,539,0.0,2.59,0,0.0,0
조비,11842,7.96,1.12,1664,0.0,0
서원,2870,239.83,0.5,6,0.0,0
마스턴프리미어리츠
부산산업,55020,25.87,1.15,2451,0.39,250
플레이그램,685,37.64,0.77,14,0.0,0
세원정공,45187,0.0,0.15,0,0.37,25
동양피스톤,9239,25.56,0.55,198,1.19,60
한일철강,7065,0.0,0.35,0,1.2,30
한세엠케이,1408,0.0,1.56,0,0.0,0
진양폴리,3071,18.88,2.15,349,3.03,200
코오롱인더우,0,0.0,0.0,0,5.72,1350
핸즈코퍼레이션,9053,0.0,0.33,0,0.0,0
하이스틸,7380,5.62,0.44,574,0.62,20
메타랩스,3160,0.0,0.83,0,0.0,0
한익스프레스,8649,9.31,0.63,581,2.4,130
케이비아이동국실업,1765,12.67,0.33,46,0.0,0
인디에프,537,0.0,1.59,0,0.0,0
GS우,0,0.0,0.0,0,7.12,2550
문배철강,8612,2.33,0.36,1338,1.61,50
두산2우B,0,0.0,0.0,0,2.82,2000
에이엔피,741,0.0,1.89,0,0.0,0
삼정펄프,85204,0.0,0.29,0,3.99,1000
우성,67491,413.27,0.3,49,0.0,0
SK케미칼우,0,0.0,0.0,0,5.25,1550
아모레G우,0,0.0,0.0,0,2.17,210
우진플라임,5139,2.83,0.6,1092,1.62,50
한국종합기술,14302,15.42,0.39,365,1.78,100
사조씨푸드,13889,7.37,0.26,482,1.13,40
대림B&Co,9514,0.0,0.38,0,3.01,110
DSR제강,12715,2.09,0.33,2009,1.43,60
한화솔루션우,0,0.0,0.0,0,0.0,0
일진디스플,562,0.0,2.09,0,0.0,0
미래에셋맵스리츠
다이나믹디자인,3499,0.0,0.97,0,0.0,0
성보화학,6994,14.44,0.42,204,4.58,135
IHQ,4545,0.0,0.79,0,0.0,0
부국증권우,0,0.0,0.0,0,7.97,1550
삼일씨엔에스,21073,0.0,0.22,0,0.0,0
에쓰씨엔지니어링,1320,10.29,1.36,175,0.0,0
영흥,2456,0.0,0.23,0,0.0,0
티에이치엔,4827,0.0,0.66,0,1.56,50
에스메디,1172,0.0,0.34,0,0.0,0
현대건설우,0,0.0,0.0,0,1.2,650
미래에셋증권우,0,0.0,0.0,0,5.46,220
모나미,5502,17.8,0.54,166,2.37,70
한창제지,1851,44.38,0.5,21,2.15,20
SJM,11352,11.12,0.31,316,2.84,100
세원이앤씨,3875,0.0,0.33,0,0.0,0
선도전기,3277,0.0,0.92,0,0.0,0
시디즈,37778,17.78,0.71,1516,1.48,400
롯데칠성우,0,0.0,0.0,0,4.79,3305
티웨이홀딩스,1505,0.69,0.32,697,0.0,0
신세계건설,70930,0.0,0.19,0,3.76,500
DL이앤씨2우(전환),0,0.0,0.0,0,4.06,1000
계양전기,3924,0.0,0.48,0,1.31,25
SJM홀딩스,11073,27.28,0.31,127,4.33,150
범양건영,3085,0.0,0.67,0,0.0,0
남양유업우,0,0.0,0.0,0,0.41,1050
MH에탄올,10227,8.98,0.67,766,3.63,250
케이탑리츠
KR모터스,345,0.0,1.49,0,0.0,0
진양화학,2199,0.0,1.41,0,0.0,0
유엔젤,4499,19.86,0.82,185,0.0,0
영화금속,1191,100.78,0.76,9,0.0,0
윌비스,1522,0.0,0.47,0,0.0,0
평화홀딩스,7178,0.0,0.45,0,4.65,150
대림통상,5308,11.77,0.56,252,1.01,30
SK디스커버리우,0,0.0,0.0,0,5.27,1750
이화산업,54787,893.89,0.29,18,0.0,0
솔루스첨단소재1우,0,0.0,0.0,0,1.9,101
형지엘리트,2200,5.5,0.66,262,0.0,0
대양금속,3353,4.69,0.35,252,0.0,0
신풍제약우,0,0.0,0.0,0,0.0,0
우진아이엔에스,13930,0.0,0.41,0,0.0,0
한국전자홀딩스,3242,2.49,0.28,369,5.44,50
대한방직,37439,0.0,0.22,0,0.0,0
원림,55263,5.29,0.33,3500,1.89,350
삼화전자,994,0.0,3.5,0,0.0,0
DL우,0,0.0,0.0,0,4.23,1050
WISCOM,7345,0.0,0.36,0,1.87,50
DL이앤씨우,0,0.0,0.0,0,5.42,1050
국동,1997,28.4,0.36,25,0.0,0
세우글로벌,1597,26.7,0.89,53,0.0,0
전방,184874,0.41,0.13,59197,4.14,1000
유화증권우,0,0.0,0.0,0,5.3,120
화인베스틸,2628,0.0,0.5,0,0.0,0
부산주공,316,0.0,1.54,0,0.0,0
하이트론,1353,0.0,1.02,0,0.0,0
비비안,3232,0.0,0.4,0,0.0,0
태원물산,4033,0.0,1.24,0,1.0,50
덕성우,0,0.0,0.0,0,0.18,50
TBH글로벌,2886,7.69,0.63,236,0.0,0
동일제강,7970,10.96,0.23,169,0.54,10
대유에이텍,942,0.0,0.34,0,0.0,0
동양고속,28704,0.0,0.45,0,0.0,0
카프로,665,0.0,1.4,0,0.0,0
국보,4100,0.0,0.7,0,0.0,0
세기상사,5022,0.0,1.29,0,0.0,0
참엔지니어링,1317,0.0,0.32,0,0.0,0
유안타증권우,0,0.0,0.0,0,5.76,160
한화투자증권우,0,0.0,0.0,0,0.0,0
호텔신라우,0,0.0,0.0,0,0.53,250
한성기업,9257,22.88,0.62,250,0.0,0
한국주강,2671,20.0,1.15,154,0.0,0
동원수산,13454,5.63,0.56,1328,3.35,250
에넥스,748,0.0,0.77,0,0.0,0
태양금속우,0,0.0,0.0,0,0.1,10
성문전자,1756,13.58,0.87,112,0.33,5
미래아이앤지,2635,0.0,0.46,0,0.0,0
주연테크,730,0.0,0.77,0,0.0,0
경인전자,49149,10.17,0.43,2080,1.65,350
SUN&L,12936,0.0,0.2,0,0.0,0
대교우B,0,0.0,0.0,0,2.74,45
이스타코,1165,0.0,0.64,0,0.0,0
금호전기,890,0.0,0.94,0,0.0,0
BYC우,0,0.0,0.0,0,2.18,3050
대유플러스,503,0.0,0.47,0,0.0,0
신풍,2895,0.0,0.29,0,6.04,50
롯데지주우,0,0.0,0.0,0,4.35,1550
두산퓨얼셀2우B,0,0.0,0.0,0,0.0,0
녹십자홀딩스2우,0,0.0,0.0,0,0.91,300
대상우,0,0.0,0.0,0,4.12,810
대한항공우,0,0.0,0.0,0,3.33,800
세방우,0,0.0,0.0,0,4.22,305
진도,8369,5.8,0.25,367,3.29,70
대상홀딩스우,0,0.0,0.0,0,0.99,280
제이준코스메틱,10836,0.0,0.53,0,0.0,0
SHD,42355,2.33,0.49,8905,0.48,100
한국ANKOR유전
한솔PNS,2311,13.32,0.53,92,2.04,25
한창,1375,0.0,0.9,0,0.0,0
LX하우시스우,0,0.0,0.0,0,1.19,250
대덕전자1우,0,0.0,0.0,0,3.94,405
코리아써우,0,0.0,0.0,0,0.0,0
넥센타이어1우B,0,0.0,0.0,0,3.35,105
비케이탑스,277,0.0,3.26,0,0.0,0
코아스,562,0.0,1.07,0,0.0,0
대한제당우,0,0.0,0.0,0,4.36,125
하이트진로2우B,0,0.0,0.0,0,6.37,1000
한화우,0,0.0,0.0,0,2.16,800
삼양홀딩스우,0,0.0,0.0,0,6.66,3550
코오롱모빌리티그룹우,0,0.0,0.0,0,0.0,0
NPC우,0,0.0,0.0,0,3.44,105
에이리츠
일정실업,3682,0.0,3.5,0,0.0,0
유유제약1우,0,0.0,0.0,0,1.62,110
코오롱우,0,0.0,0.0,0,4.26,600
코오롱글로벌우,0,0.0,0.0,0,2.27,450
노루홀딩스우,0,0.0,0.0,0,0.86,505
솔루스첨단소재2우B,0,0.0,0.0,0,1.33,100
한진칼우,0,0.0,0.0,0,0.74,195
LX홀딩스1우,0,0.0,0.0,0,3.33,320
JW중외제약2우B,0,0.0,0.0,0,0.6,375
노루페인트우,0,0.0,0.0,0,1.08,280
SK증권우,0,0.0,0.0,0,0.33,10
대덕1우,0,0.0,0.0,0,4.19,405
JW중외제약우,0,0.0,0.0,0,1.19,400
한화갤러리아우,0,0.0,0.0,0,0.0,0
넥센우,0,0.0,0.0,0,3.9,115
성신양회우,0,0.0,0.0,0,1.77,250
티와이홀딩스우,0,0.0,0.0,0,2.11,175
삼양사우,0,0.0,0.0,0,5.06,1300
남선알미우,0,0.0,0.0,0,0.0,0
크라운제과우,0,0.0,0.0,0,2.17,252
한양증권우,0,0.0,0.0,0,5.49,850
태영건설우,0,0.0,0.0,0,3.69,230
일양약품우,0,0.0,0.0,0,1.01,175
대원전선우,0,0.0,0.0,0,0.0,0
크라운해태홀딩스우,0,0.0,0.0,0,0.91,105
깨끗한나라우,0,0.0,0.0,0,0.0,0
동원시스템즈우,0,0.0,0.0,0,2.56,650
코리아써키트2우B,0,0.0,0.0,0,0.0,0
하이트진로홀딩스우,0,0.0,0.0,0,4.03,550
금강공업우,0,0.0,0.0,0,1.2,130
동부건설우,0,0.0,0.0,0,2.03,550
흥국화재우,0,0.0,0.0,0,0.0,0
계양전기우,0,0.0,0.0,0,0.68,30
금호건설우,0,0.0,0.0,0,3.16,550
CJ씨푸드1우,0,0.0,0.0,0,0.0,0
유유제약2우B,0,0.0,0.0,0,0.74,110
서울식품우,0,0.0,0.0,0,0.0,0
성문전자우,0,0.0,0.0,0,0.13,10
진흥기업우B,0,0.0,0.0,0,0.0,0
동양우,0,0.0,0.0,0,1.37,90
동양2우B,0,0.0,0.0,0,1.2,150
진흥기업2우B,0,0.0,0.0,0,0.0,0
